Neuron Index,Weight
1495,-0.039753526
1948,0.040144164
1050,0.040522944
1026,0.04101687
1387,0.041047763
1375,-0.041183375
1654,-0.041372713
579,0.04155999
1594,0.041815482
344,-0.044892922
