Neuron Index,Weight
339,0.03931475
1499,0.039569527
133,-0.039627958
1190,-0.039754573
1459,0.040891252
2143,0.04102083
1123,0.0412334
940,0.041865144
199,0.041878782
810,0.043278906
