activation_threshold,edge_threshold
1.5,0.0009765625
0.0,0.171875
0.1,0.1484375
0.5,0.1435546875
