Feature Index,Cosine Similarity
9869,0.354389
6449,0.27844763
8129,0.27556643
13989,0.24159265
13623,0.21930936
1469,0.16970912
10032,0.14531007
12330,0.14149404
9590,0.12702146
14328,0.1268585
