Neuron Index,Weight
1186,-0.15098651
1702,-0.15324186
136,-0.15552616
446,-0.1569464
1354,0.16170706
389,0.16545154
2078,-0.1670617
415,0.16864584
701,-0.17089199
1465,-0.17720433
