Neuron Index,Weight
1428,0.081733435
126,0.08265255
896,-0.08415109
611,-0.08416563
1813,-0.08425498
1051,-0.08431942
1484,0.084574394
389,0.085883506
2278,0.08807671
1205,0.09025846
