Neuron Index,Weight
810,0.077343404
909,0.07887711
2086,0.07897324
1387,0.07918551
1795,0.07930467
701,-0.07951411
1459,0.07956703
389,0.0799208
2117,0.083610706
1912,0.086502425
