Neuron Index,Weight
102,-0.07814405
1795,0.078510985
757,0.07961801
724,0.08080547
2278,0.082490094
1112,-0.083731554
389,0.083957024
1771,0.08431633
638,-0.088047236
1593,0.08838487
