Feature Index,Cosine Similarity
8129,0.20658457
6449,0.19443531
13989,0.19216917
9869,0.17665842
1469,0.13956799
13623,0.123655416
10032,0.119531766
9590,0.091410406
7407,0.08925925
159,0.08473846
