Neuron Index,Weight
315,0.04018685
2116,-0.040331345
255,-0.041100554
1859,0.041152343
851,-0.041347798
1484,0.042129945
1501,-0.04331234
91,0.043958813
1265,-0.043986343
98,0.04424728
