Neuron Index,Weight
441,-0.04088184
1244,0.04101282
1444,0.041156832
1003,0.041201018
1896,0.04159997
2083,-0.04172316
146,0.0417309
1331,-0.0421526
824,0.04220287
1410,-0.044762336
