Neuron Index,Weight
897,-0.040249467
472,-0.04039089
264,-0.04039239
2006,-0.04078197
1003,0.041066747
2028,-0.041230597
1032,-0.041409496
1266,0.041417975
1655,0.041745204
757,0.043305866
