Neuron Index,Weight
657,-0.19683547
168,0.19784755
651,0.19793823
101,0.19906318
291,0.19960777
426,0.20579956
242,0.2102802
143,-0.21249543
509,-0.21825223
537,-0.22132482
