Neuron Index,Weight
421,0.19594729
564,0.19680932
559,-0.20383838
542,-0.20484412
537,-0.20904897
33,0.21101248
754,-0.21327528
272,0.21579298
76,-0.21876045
509,-0.2238404
