activation_threshold,edge_threshold
1.5,0.12109375
0.0,0.1318359375
0.1,0.1328125
0.5,0.126953125
