{"sae_size": 768, "feature_l0": 20.5205322265625, "subgraph_l0_any": 13.7384033203125, "total_tokens": 40960, "num_features": 768, "num_subgraphs": 461}