{"sae_size": 1536, "feature_l0": 22.2423095703125, "subgraph_l0_any": 17.029296875, "total_tokens": 40960, "num_features": 1536, "num_subgraphs": 1002}