{"sae_size": 3072, "feature_l0": 22.606787109375, "subgraph_l0_any": 18.5579833984375, "total_tokens": 40960, "num_features": 3072, "num_subgraphs": 2152}