activation_threshold,edge_threshold
1.5,0.1171875
0.0,0.1328125
0.1,0.130859375
0.5,0.126953125
