activation_threshold,edge_threshold
1.5,0.140625
0.0,0.146484375
0.1,0.1484375
0.5,0.140625
