activation_threshold,edge_threshold
1.5,0.12109375
0.0,0.1357421875
0.1,0.1357421875
0.5,0.1298828125
