{"sae_size": 16000, "average_l0": 176.0, "feature_l0": 192.6413330078125, "subgraph_l0_50percent": 0.0, "subgraph_l0_any": 172.03427734375, "total_tokens": 40960, "num_features": 16000, "num_subgraphs": 14312}