{"sae_size": 16000, "average_l0": 82.0, "feature_l0": 93.4953857421875, "subgraph_l0_50percent": 0.0, "subgraph_l0_any": 87.2689453125, "total_tokens": 40960, "num_features": 16000, "num_subgraphs": 14935}