{"sae_size": 16000, "average_l0": 22.0, "feature_l0": 29.7498779296875, "subgraph_l0_50percent": 0.0, "subgraph_l0_any": 28.1460693359375, "total_tokens": 40960, "num_features": 16000, "num_subgraphs": 13792}