{"sae_size": 12, "average_l0": 22.0, "feature_l0": 29.9390869140625, "subgraph_l0_50percent": 26.750732421875, "subgraph_l0_any": 28.3203857421875, "total_tokens": 40960, "num_features": 12, "num_subgraphs": 13792}