{"sae_size": 16000, "average_l0": 445.0, "feature_l0": 479.8494384765625, "subgraph_l0_50percent": 0.0, "subgraph_l0_any": 434.4107177734375, "total_tokens": 40960, "num_features": 16000, "num_subgraphs": 14397}