{"sae_size": 16000, "average_l0": 41.0, "feature_l0": 50.895947265625, "subgraph_l0_50percent": 0.0, "subgraph_l0_any": 47.5954833984375, "total_tokens": 40960, "num_features": 16000, "num_subgraphs": 14658}