Neuron Index,Weight
750,0.045731835
184,-0.045859445
437,-0.046246085
185,0.046589646
108,0.04676558
666,0.047113918
493,0.047698896
181,-0.048060883
165,0.05130974
46,0.05131866
