{"sae_size": 3072, "feature_l0": 22.6776123046875, "subgraph_l0_50percent": 15.1146240234375, "subgraph_l0_any": 18.631103515625, "total_tokens": 40960, "num_features": 3072, "num_subgraphs": 2152}