{"sae_size": 1536, "average_l0": null, "feature_l0": 22.2177001953125, "subgraph_l0_50percent": 13.36748046875, "subgraph_l0_any": 17.009228515625, "total_tokens": 40960, "num_features": 1536, "num_subgraphs": 1002}