{"sae_size": 49152, "average_l0": null, "feature_l0": 19.3523193359375, "subgraph_l0_50percent": 15.496240234375, "subgraph_l0_any": 16.9461181640625, "total_tokens": 40960, "num_features": 49152, "num_subgraphs": 36484}