{"sae_size": 1536, "feature_l0": 22.2754638671875, "subgraph_l0_50percent": 13.4182861328125, "subgraph_l0_any": 17.0566650390625, "total_tokens": 40960, "num_features": 1536, "num_subgraphs": 1002}