{"sae_size": 98304, "average_l0": null, "feature_l0": 19.244140625, "subgraph_l0_50percent": 15.63232421875, "subgraph_l0_any": 16.9011962890625, "total_tokens": 40960, "num_features": 98304, "num_subgraphs": 72949}