{"sae_size": 24576, "average_l0": null, "feature_l0": 19.898046875, "subgraph_l0_50percent": 16.25, "subgraph_l0_any": 17.7029052734375, "total_tokens": 40960, "num_features": 24576, "num_subgraphs": 19362}