{"sae_size": 12288, "average_l0": null, "feature_l0": 21.16552734375, "subgraph_l0_50percent": 16.7768798828125, "subgraph_l0_any": 18.5394775390625, "total_tokens": 40960, "num_features": 12288, "num_subgraphs": 9549}