{"sae_size": 6144, "feature_l0": 22.075244140625, "subgraph_l0_50percent": 15.4196044921875, "subgraph_l0_any": 18.4694091796875, "total_tokens": 40960, "num_features": 6144, "num_subgraphs": 4365}