{"sae_size": 6144, "average_l0": null, "feature_l0": 22.11884765625, "subgraph_l0_50percent": 15.446875, "subgraph_l0_any": 18.49560546875, "total_tokens": 40960, "num_features": 6144, "num_subgraphs": 4365}