{"sae_size": 768, "feature_l0": 20.488525390625, "subgraph_l0_50percent": 11.12216796875, "subgraph_l0_any": 13.7256591796875, "total_tokens": 40960, "num_features": 768, "num_subgraphs": 461}