{"sae_size": 3072, "average_l0": null, "feature_l0": 22.6802001953125, "subgraph_l0_50percent": 15.1230712890625, "subgraph_l0_any": 18.6328857421875, "total_tokens": 40960, "num_features": 3072, "num_subgraphs": 2152}