{"sae_size": 16000, "average_l0": null, "feature_l0": 92.7065673828125, "subgraph_l0_50percent": 0.0, "subgraph_l0_any": 86.5479248046875, "total_tokens": 40960, "num_features": 16000, "num_subgraphs": 14935}