{"sae_size": 12, "average_l0": null, "feature_l0": 100.4272705078125, "subgraph_l0_50percent": 98.7041259765625, "subgraph_l0_any": 99.2661376953125, "total_tokens": 40960, "num_features": 12, "num_subgraphs": 62087}