{"sae_size": 32000, "average_l0": null, "feature_l0": 96.69306640625, "subgraph_l0_50percent": 0.0, "subgraph_l0_any": 95.4302490234375, "total_tokens": 40960, "num_features": 32000, "num_subgraphs": 31270}