{"sae_size": 65000, "average_l0": null, "feature_l0": 105.7120361328125, "subgraph_l0_50percent": 0.0, "subgraph_l0_any": 104.3737548828125, "total_tokens": 40960, "num_features": 65000, "num_subgraphs": 62087}