Feature Index,Cosine Similarity
13989,0.20937617
8129,0.19140442
6449,0.18905914
9869,0.15163815
1469,0.14453602
13623,0.11180104
7407,0.111617744
10032,0.11017261
12330,0.091972336
4735,0.09057484
