Feature Index,Cosine Similarity
6449,0.18931061
13989,0.18713242
8129,0.17941913
1469,0.1524026
9869,0.14999995
10032,0.14580527
7407,0.10754028
9590,0.09952003
15735,0.09074317
4409,0.080713585
