Feature Index,Cosine Similarity
13989,0.22610453
6449,0.2167917
8129,0.19895573
1469,0.1336276
10032,0.11950242
9590,0.1072425
7407,0.1034407
13623,0.099022515
4409,0.0965116
15735,0.094997324
