activation_threshold,edge_threshold
1.5,0.15234375
0.0,0.171875
0.1,0.171875
0.5,0.15625
